suburb,price
ABBOTSFORD,1250000
ABERFELDIE,1631000
AINTREE,748000
AIREYS INLET,1675000
AIRPORT WEST,945000
ALBANVALE,595000
ALBERT PARK,2202500
ALBION,765000
ALEXANDRA,477500
ALFREDTON,640000
ALLANSFORD,600000
ALPHINGTON,2076000
ALTONA,1135000
ALTONA EAST,1025000
ALTONA MEADOWS,690000
ALTONA NORTH,880500
ANGLESEA,1550000
APOLLO BAY,1080000
ARARAT,375000
ARDEER,628500
ARMADALE,2585000
ARMSTRONG CREEK,675000
ASCOT (GREATER BENDIGO),609500
ASCOT VALE,1300500
ASHBURTON,1992500
ASHWOOD,1455000
ASPENDALE,1332500
ASPENDALE GARDENS,1117000
ATTWOOD,950000
AVENEL,555000
AVOCA,350000
AVONDALE HEIGHTS,936000
AVONSLEIGH,725000
AXEDALE,515000
BACCHUS MARSH,640000
BADGER CREEK,732500
BAIRNSDALE,435000
BALACLAVA,1500000
BALCOMBE,1758500
BALLAN,607500
BALLARAT CENTRAL,607500
BALLARAT EAST,512500
BALLARAT NORTH,620000
BALNARRING,1250000
BALNARRING BEACH,2400000
BALWYN,2985000
BALWYN NORTH,2405000
BANDIANA,599000
BANNOCKBURN,710000
BARANDUDA,610000
BARWON HEADS,1823000
BAXTER,692500
BAYSWATER,871000
BAYSWATER NORTH,840500
BEACONSFIELD,915000
BEACONSFIELD UPPER,1202500
BEAUFORT,405000
BEAUMARIS,2040000
BEECHWORTH,730000
BELGRAVE,815000
BELGRAVE HEIGHTS,850000
BELGRAVE SOUTH,1125000
BELL PARK,610000
BELL POST HILL,620000
BELLFIELD (BANYULE),944000
BENALLA,430000
BENDIGO,540000
BENTLEIGH,1690000
BENTLEIGH EAST,1430000
BERWICK,855000
BEVERIDGE,650000
BIRCHIP,225000
BIRREGURRA,850000
BITTERN,850000
BLACK HILL,626000
BLACK ROCK,2287500
BLACKBURN,1600000
BLACKBURN NORTH,1284500
BLACKBURN SOUTH,1350000
BLAIRGOWRIE,1657500
BLIND BIGHT,806000
BONBEACH,1105000
BONNIE BROOK,671500
BONNIE DOON,630000
BONSHAW,560000
BOOLARRA,450000
BOORT,270000
BORONIA,855000
BOTANIC RIDGE,872500
BOX HILL,1680000
BOX HILL NORTH,1333000
BOX HILL SOUTH,1500000
BRAYBROOK,712000
BREAKWATER,575000
BRIAGOLONG,436500
BRIAR HILL,1001000
BRIGHT,1100000
BRIGHTON,3200000
BRIGHTON EAST,2425000
BROADFORD,550000
BROADMEADOWS,560000
BROOKFIELD,560000
BROOKLYN,740000
BROWN HILL,740000
BRUNSWICK,1300000
BRUNSWICK EAST,1400000
BRUNSWICK WEST,1275000
BRUTHEN,470000
BULLEEN,1398000
BUNDALONG,968000
BUNDOORA,858500
BUNINYONG,680000
BUNYIP,730000
BURNLEY,1582500
BURNSIDE,752500
BURNSIDE HEIGHTS,745000
BURWOOD,1497500
BURWOOD EAST,1280000
CAIRNLEA,936500
CALIFORNIA GULLY,461000
CAMBERWELL,2538000
CAMPBELLFIELD,605000
CAMPBELLS CREEK,722500
CAMPERDOWN,470000
CANADIAN,535000
CANTERBURY,3252500
CAPE PATERSON,804500
CAPE SCHANCK,1524000
CAPEL SOUND,740000
CARDIGAN,1045000
CARLTON,1485000
CARLTON NORTH,1480000
CARNEGIE,1675000
CAROLINE SPRINGS,730500
CARRUM,1030000
CARRUM DOWNS,695000
CASTERTON,290000
CASTLEMAINE,725000
CAULFIELD,1786000
CAULFIELD NORTH,2620000
CAULFIELD SOUTH,1945000
CHADSTONE,1290000
CHARLEMONT,610000
CHARLTON,320000
CHELSEA,1200000
CHELSEA HEIGHTS,906500
CHELTENHAM,1342000
CHELTENHAM EAST,1150000
CHELTENHAM NORTH,1050000
CHILTERN,390000
CHIRNSIDE PARK,900000
CHURCHILL,345000
CLARINDA,950000
CLAYTON,1165000
CLAYTON NORTH,1306000
CLAYTON SOUTH,947500
CLIFTON HILL,1725000
CLIFTON SPRINGS,670000
CLUNES,510000
CLYDE,675500
CLYDE NORTH,720000
COBBLEBANK,642500
COBDEN,395000
COBRAM,437500
COBURG,1180000
COBURG EAST,1130000
COBURG NORTH,980000
COCKATOO,760000
COHUNA,325000
COLAC,480000
COLDSTREAM,805000
COLERAINE,207500
COLLINGWOOD,1225000
CONNEWARRE,1896500
COOLAROO,530500
COONANS HILL,1205000
COONGULLA,457500
CORINELLA,695000
CORIO,480000
CORONET BAY,580000
CORRYONG,320000
COWES,800000
COWES WEST,779000
CRAIGIEBURN,650000
CRANBOURNE,655000
CRANBOURNE EAST,707500
CRANBOURNE NORTH,710000
CRANBOURNE SOUTH,721000
CRANBOURNE WEST,657500
CREMORNE,1335000
CRESWICK,529000
CRIB POINT,755000
CROYDON,916000
CROYDON HILLS,1180000
CROYDON NORTH,1075000
CROYDON SOUTH,885500
CURLEWIS,667500
DALLAS,512500
DALYSTON,525000
DANDENONG,687500
DANDENONG NORTH,721000
DANYO,164000
DARLEY,695000
DAYLESFORD,899000
DEANSIDE,640000
DEEPDENE,3050000
DEER PARK,640000
DELACOMBE,527500
DELAHEY,639000
DENNINGTON,581500
DERRIMUT,739000
DIAMOND CREEK,983500
DIGGERS REST,657500
DIMBOOLA,281000
DINGLEY VILLAGE,1090000
DINNER PLAIN,1200000
DONALD,240000
DONCASTER,1550000
DONCASTER EAST,1630000
DONNYBROOK,650000
DONVALE,1438500
DOREEN,727000
DOVETON,570000
DROMANA,1052500
DROUIN,621500
DRYSDALE,726000
DUNOLLY,335000
EAGLE POINT,530000
EAGLEHAWK,485000
EAGLEMONT,2528500
EAST BAIRNSDALE,347500
EAST BENDIGO,551500
EAST GEELONG,835000
EAST MELBOURNE,3363000
EAST WARBURTON,667500
EASTWOOD,599000
ECHUCA,580000
EDENHOPE,266000
EDITHVALE,1280000
EILDON,450000
ELLIMINYT,750000
ELMORE,358000
ELSTERNWICK,2165000
ELTHAM,1190000
ELTHAM NORTH,1250000
ELWOOD,2200000
EMERALD,860000
ENDEAVOUR HILLS,795000
EPPING,668000
EPSOM,582500
ESSENDON,1760000
ESSENDON NORTH,1296000
ESSENDON WEST,1165000
EUMEMMERRING,665000
EUREKA,523000
EUROA,492500
EYNESBURY,652500
FAIRFIELD,1585000
FAWKNER,770000
FERNTREE GULLY,890000
FERNY CREEK,890000
FINGAL,2000000
FITZROY,1530000
FITZROY NORTH,1600000
FIVEWAYS,670000
FLEMINGTON,1027500
FLINDERS,2125000
FLORA HILL,520000
FLOWERDALE,595000
FOOTSCRAY,902000
FOREST HILL,1250500
FOSTER,590000
FRANKSTON,735000
FRANKSTON NORTH,574000
FRANKSTON SOUTH,1150000
FRASER RISE,716000
FYANSFORD,950000
GARDEN CITY,1616000
GARDENVALE,2300000
GARFIELD,820000
GEELONG,982500
GEELONG WEST,910000
GEMBROOK,852500
GISBORNE,1000000
GLADSTONE PARK,710000
GLEN HUNTLY,1735500
GLEN IRIS,2500000
GLEN WAVERLEY,1660000
GLENGARRY,590000
GLENROWAN,595000
GLENROY,795000
GOLDEN BEACH,395000
GOLDEN POINT (BALLARAT),570000
GOLDEN SQUARE,515000
GORDON,675000
GOUGHS BAY,580000
GOWANBRAE,865000
GRANTVILLE,595000
GREEN LAKE,433000
GREENSBOROUGH,970000
GREENVALE,845000
GROVEDALE,660000
HADFIELD,860000
HALLAM,714000
HALLS GAP,555000
HAMILTON,370000
HAMLYN HEIGHTS,740000
HAMPTON,2370000
HAMPTON EAST,1475000
HAMPTON PARK,644500
HARCOURT,697500
HARKNESS,580000
HASTINGS,715000
HASTINGS WEST,605000
HAWTHORN,2720000
HAWTHORN EAST,2750000
HEALESVILLE,810000
HEATHCOTE,485000
HEATHCOTE JUNCTION,815000
HEATHERTON,1150000
HEATHMONT,1068000
HEIDELBERG,1437500
HEIDELBERG HEIGHTS,1002000
HEIDELBERG WEST,750000
HEPBURN,737500
HEPBURN SPRINGS,780000
HERNE HILL,715000
HEYFIELD,390000
HEYWOOD,330000
HIGHETT,1455000
HIGHTON,911000
HILLSIDE (BRIMBANK),548000
HILLSIDE (MELTON),759000
HOPETOUN,171000
HOPPERS CROSSING,615000
HORSHAM,400000
HUGHESDALE,1400000
HUNTINGDALE,1195000
HUNTLY,565000
HURSTBRIDGE,896500
INDENTED HEAD,820000
INGLEWOOD,325000
INVERLOCH,950000
INVERMAY PARK,695000
IRONBARK,530000
IRYMPLE,496500
IVANHOE,1732500
IVANHOE EAST,2406500
JACANA,586500
JACKASS FLAT,515000
JAMIESON,582500
JAN JUC,1290000
JEERALANG NORTH,366000
JEPARIT,215000
JOLIMONT,4533500
JUNCTION VILLAGE,645000
JUNORTOUN,865000
KALIMNA,462500
KALKALLO,640000
KALLISTA,832500
KALORAMA,885000
KANGAROO FLAT,500000
KANGAROO GROUND SOUTH,1100000
KANIVA,200000
KATUNGA,290000
KEALBA,670000
KEILOR,1132500
KEILOR DOWNS,770000
KEILOR EAST,980000
KEILOR LODGE,920000
KEILOR PARK,795000
KENNINGTON,610000
KENSINGTON,1040000
KERANG,280000
KEW,2905000
KEW EAST,2200000
KEW NORTH,2237500
KEYSBOROUGH,913500
KIALLA,650000
KILCUNDA,810000
KILLARA (WODONGA),650000
KILMORE,590000
KILSYTH,810000
KILSYTH SOUTH,1045000
KINGLAKE,662500
KINGS PARK,600000
KINGSBURY,785000
KINGSVILLE,1200000
KNOXFIELD,950000
KOO WEE RUP,668500
KOONDROOK,320000
KOROIT,582500
KORUMBURRA,550000
KURUNJANG,520000
KYABRAM,455000
KYNETON,775000
LAKE BOGA,446000
LAKE BUNGA,525000
LAKE GARDENS,785000
LAKE TYERS BEACH,590000
LAKE WENDOUREE,1300000
LAKES ENTRANCE,512500
LALOR,680000
LANCEFIELD,625000
LANG LANG,707500
LANGWARRIN,835000
LARA,682500
LARA LAKE,710000
LAUNCHING PLACE,650000
LAVERTON,585000
LAVERTON SOUTH,735000
LENEVA,685000
LEONGATHA,580000
LEOPOLD,680000
LILYDALE,926000
LINDENOW,372500
LISMORE,255000
LOCH SPORT,390000
LONG GULLY,400000
LONGWARRY,570000
LORNE,1925000
LOVELY BANKS,690000
LOWER PLENTY,1319000
LUCAS,640000
LUCKNOW,400000
LYNBROOK,814500
LYNDHURST,905000
LYSTERFIELD,1305000
LYSTERFIELD SOUTH,1925500
MACEDON,1105000
MACLEOD,1150000
MADDINGLEY,625000
MAFFRA,425000
MAIDEN GULLY,797500
MAIDSTONE,895000
MALDON,742500
MALLACOOTA,555000
MALMSBURY,767500
MALVERN,3000000
MALVERN EAST,2175000
MAMBOURIN,635000
MANIFOLD HEIGHTS,1050000
MANOR LAKES,645000
MANSFIELD,786000
MARIBYRNONG,1130000
MARLO,655000
MARONG,622500
MARSHALL,610000
MARYBOROUGH,399500
MARYSVILLE,692500
MCCRAE,1312500
MCKENZIE HILL,833000
MCKINNON,2000000
MEADOW HEIGHTS,561000
MELTON,470500
MELTON SOUTH,495000
MELTON WEST,550000
MENTONE,1337500
MENZIES CREEK,876500
MERBEIN,300000
MERINDA PARK,626000
MERNDA,670000
MERRIGUM,272500
METUNG,771000
MICKLEHAM,680000
MIDDLE PARK,2473000
MILDURA,436000
MILL PARK,780000
MILLGROVE,564000
MINERS REST,590000
MINYIP,164500
MIRBOO NORTH,560000
MITCHAM,1210000
MITCHELL PARK,462500
MOE,365000
MONBULK,770000
MONT ALBERT,2384000
MONT ALBERT NORTH,1715000
MONTMORENCY,1120000
MONTROSE,846000
MOONEE PONDS,1527500
MOORABBIN,1300000
MOOROOLBARK,821000
MOOROOPNA,377500
MORDIALLOC,1385000
MORNINGTON,1069500
MORTLAKE,349000
MORWELL,334500
MOUNT BEAUTY,531500
MOUNT CLEAR,525000
MOUNT COTTRELL,602000
MOUNT DANDENONG,887500
MOUNT DUNEED,720000
MOUNT ELIZA,1700000
MOUNT EVELYN,830000
MOUNT HELEN,580000
MOUNT MACEDON,1446000
MOUNT MARTHA,1820000
MOUNT PLEASANT,497500
MOUNT WAVERLEY,1600000
MULGRAVE,1040000
MURCHISON,340000
MURRUMBEENA,1641500
MURTOA,267500
MYRTLEFORD,590000
NAGAMBIE,660000
NARRE WARREN,727000
NARRE WARREN NORTH,1565000
NARRE WARREN SOUTH,820000
NATHALIA,370000
NEERIM SOUTH,665000
NERRINA,685000
NEW GISBORNE,850000
NEWBOROUGH,427000
NEWCOMB,567500
NEWINGTON,664500
NEWLANDS ARM,675000
NEWPORT,1275000
NEWSTEAD,600000
NEWTOWN (GREATER,1165000
NHILL,205000
NICHOLS POINT,590000
NIDDRIE,1189000
NOBLE PARK,732000
NOBLE PARK NORTH,737500
NORLANE,455000
NORTH BENDIGO,515000
NORTH GEELONG,646500
NORTH MELBOURNE,1220000
NORTH WONTHAGGI,625000
NORTHCOTE,1605000
NOTTING HILL,1106000
NUMURKAH,360000
NUNAWADING,1189500
NYAH WEST,248000
OAK PARK,1065000
OAKLEIGH,1336500
OAKLEIGH EAST,1150000
OAKLEIGH SOUTH,1130000
OCEAN GROVE,982500
OFFICER,725500
OFFICER SOUTH,865000
OLINDA,935000
OMEO,339000
ORBOST,340000
ORMOND,1795000
OSBORNE,1030000
OUYEN,184500
PAKENHAM,640000
PARADISE BEACH,372500
PARK ORCHARDS,1740000
PARKDALE,1352000
PARKVILLE,2477000
PASCOE VALE,1025000
PASCOE VALE SOUTH,1140000
PATTERSON GARDENS,1265000
PATTERSON LAKES,1361000
PAYNESVILLE,515000
PEARCEDALE,850000
PENSHURST,286500
PETERBOROUGH,690000
PIONEER BAY,554000
PLENTY,1760000
POINT COOK,770500
POINT LONSDALE,1351500
POREPUNKAH,940000
PORT ALBERT,562500
PORT FAIRY,950000
PORT MELBOURNE,1745000
PORTARLINGTON,925000
PORTLAND,437500
PORTLAND NORTH,750000
PORTSEA,3102500
PRAHRAN,1750000
PRESTON,1150000
PRINCES HILL,1620000
PYRAMID HILL,202500
QUAMBATOOK,125000
QUARRY HILL,596000
QUEENSCLIFF,1687500
RAINBOW,175000
RAYMOND ISLAND,540000
RED CLIFFS,335000
RED HILL,1507500
REDAN,485000
RESEARCH,1030000
RESERVOIR,870000
RHYLL,752500
RICHMOND,1377500
RIDDELLS CREEK,865000
RINGWOOD,999500
RINGWOOD EAST,1000000
RINGWOOD NORTH,1217500
RIPPLESIDE,1050000
RIPPONLEA,1457500
ROBINVALE,355000
ROCHESTER,262500
ROCKBANK,624500
ROMSEY,755000
ROSANNA,1298000
ROSEBUD,747500
ROSEBUD SOUTH,1063500
ROSEDALE,475000
ROWVILLE,1090000
ROXBURGH PARK,632500
RUSHWORTH,367000
RUTHERGLEN,479000
RYE,1098500
SAFETY BEACH,1220500
SAILORS GULLY,469000
SALE,480000
SAN REMO,952500
SANCTUARY LAKES,733500
SANDHURST,1075000
SANDRINGHAM,2100000
SANDY POINT,815000
SASSAFRAS,959000
SCORESBY,955500
SEA LAKE,187500
SEABROOK,741500
SEAFORD,830000
SEAHOLME,1525000
SEASPRAY,465000
SEBASTOPOL,455000
SEDDON,1100000
SELBY,837500
SEVILLE,870000
SEVILLE EAST,755000
SEYMOUR,467500
SHEPPARTON,445000
SHEPPARTON NORTH,610000
SHOREHAM,2100000
SILVERLEAVES,1137500
SKIPTON,336000
SKYE,760000
SMITHS BEACH,957500
SMYTHES CREEK,550000
SOLDIERS HILL,570000
SOMERS,1550000
SOMERVILLE,765000
SORRENTO,2120000
SOUTH GEELONG,882000
SOUTH KINGSVILLE,1250000
SOUTH MELBOURNE,1630000
SOUTH MORANG,725000
SOUTH YARRA,2390000
SPOTSWOOD,1130000
SPRING GULLY,700000
SPRINGVALE,870000
SPRINGVALE SOUTH,800000
ST ALBANS,640500
ST ALBANS PARK,586500
ST ANDREWS BEACH,1572500
ST ARNAUD,279500
ST HELENA,1175000
ST KILDA,1480500
ST KILDA EAST,1623000
ST KILDA WEST,2855000
ST LEONARDS                             ,754000
STANHOPE,352500
STAWELL,319000
STRATFORD,480000
STRATHDALE,637500
STRATHFIELDSAYE,715000
STRATHMERTON,365000
STRATHMORE,1416500
STRATHMORE HEIGHTS,1056000
STRATHTULLOH,642500
STUDFIELD,1095000
SUNBURY,660000
SUNDERLAND BAY,672500
SUNNYCLIFFS,380000
SUNSET STRIP,690000
SUNSHINE,797500
SUNSHINE NORTH,721500
SUNSHINE WEST,700000
SURF BEACH,805000
SURREY HILLS,2390000
SWAN HILL,435000
SYDENHAM,741500
SYNDAL,1955000
TALLANGATTA,470000
TANGAMBALANGA,557500
TARNEIT,653500
TATURA,475000
TAWONGA SOUTH,553000
TAYLORS HILL,906500
TAYLORS LAKES,925000
TECOMA,838000
TEMPLESTOWE,1685000
TEMPLESTOWE LOWER,1410000
TERANG,382500
THE BASIN,850000
THE PATCH,830000
THOMASTOWN,691000
THOMSON (GREATER,547500
THORNBURY,1382000
THORNHILL PARK,610000
TIMBOON,476500
TONGALA,405500
TOONGABBIE,569000
TOORA,450000
TOORADIN,880000
TOORAK,5325000
TOOTGAROOK,885000
TORQUAY,1255000
TRAFALGAR,560000
TRARALGON,500000
TRARALGON EAST,785000
TRENTHAM,930000
TRUGANINA,647000
TULLAMARINE,720000
TYABB,730000
UPPER FERNTREE GULLY,852000
UPWEY,880000
VENTNOR,800000
VENUS BAY,613500
VERMONT,1235000
VERMONT SOUTH,1533000
VIEWBANK,1195000
VIOLET TOWN,499500
WAHGUNYAH,375000
WALLAN,620000
WALLAN EAST,600000
WANDANA HEIGHTS,1015000
WANDIN NORTH,773000
WANDONG,762500
WANGARATTA,525000
WANTIRNA,1150000
WANTIRNA SOUTH,1322000
WARBURTON,695000
WARRACKNABEAL,240000
WARRAGUL,646000
WARRANDYTE,1262000
WARRANWOOD,1197500
WARRNAMBOOL,605000
WATERWAYS,1690000
WATSONIA,875500
WATSONIA NORTH,930000
WATTLE GLEN,890000
WAURN PONDS,826500
WEDDERBURN,300000
WEIR VIEWS,560000
WENDOUREE,470000
WENDOUREE WEST,365000
WERRIBEE,610000
WERRIBEE SOUTH,930000
WESBURN,642500
WEST FOOTSCRAY,915000
WEST MELBOURNE,1215000
WEST WODONGA,545000
WESTALL,858000
WESTGARTH,1910000
WESTMEADOWS,727500
WHEELERS HILL,1509000
WHITE HILLS,495000
WHITTINGTON,500000
WHITTLESEA,760000
WILLIAMS LANDING,799500
WILLIAMSTOWN,1580000
WILLIAMSTOWN NORTH,1275000
WILLOW GROVE,600000
WIMBLEDON HEIGHTS,620000
WINCHELSEA,642500
WINDSOR,1460000
WINTER VALLEY,580000
WODONGA,545000
WOLLERT,705000
WONGA PARK,1265000
WONTHAGGI,555000
WOODEND,965000
WOOLAMAI WATERS,779000
WOORI YALLOCK,652000
WY YUNG,547500
WYCHEPROOF,203500
WYNDHAM VALE,580000
YACKANDANDAH,760000
YALLAMBIE,942000
YALLOURN NORTH,319500
YARRA GLEN,784500
YARRA JUNCTION,705000
YARRAGON,645000
YARRAM,395000
YARRAVILLE,1100000
YARRAWONGA,640000
YEA,550000
YINNAR,Z